n_samples,epsilon,run_idx,data_seed,dp_seed,pms_mse,pms_runtime_s,dp_mse,dp_runtime_s,timestamp
200,0.1,0,70001000,90001000,0.03022889043501065,0.010683625005185604,0.5230062029750217,0.02427545888349414,2026-04-30 20:33:20
200,0.1,1,70001001,90001001,0.02503476813934515,0.017613042145967484,0.9377016018465515,0.019300958141684532,2026-04-30 20:33:20
200,0.1,2,70001002,90001002,0.025873298697099978,0.00982733303681016,0.95715347195414,0.03378845890983939,2026-04-30 20:33:20
200,0.1,6,70001006,90001006,0.026702154095190993,0.017936083022505045,0.9336448275443571,0.02851233258843422,2026-04-30 20:33:20
200,0.1,7,70001007,90001007,0.0318864498792379,0.013013542164117098,0.6706022160744425,0.03136904165148735,2026-04-30 20:33:20
200,0.1,5,70001005,90001005,0.02729702031217862,0.02193483291193843,0.4471457777281391,0.034065499901771545,2026-04-30 20:33:20
200,0.1,3,70001003,90001003,0.02807946810035416,0.016726958099752665,0.5286795400987916,0.044587958604097366,2026-04-30 20:33:20
200,0.1,4,70001004,90001004,0.041482004385276966,0.027057125233113766,0.2667281327970727,0.0325349997729063,2026-04-30 20:33:20
200,0.1,9,70001009,90001009,0.036906471268859174,0.025323416106402874,0.325088041177114,0.01888708397746086,2026-04-30 20:33:20
200,0.1,10,70001010,90001010,0.02896960176451173,0.017743832897394896,0.34971687092790155,0.022919666953384876,2026-04-30 20:33:20
200,0.1,8,70001008,90001008,0.024512115671893323,0.029612000100314617,1.276820797847327,0.029642667155712843,2026-04-30 20:33:20
200,0.1,13,70001013,90001013,0.029670976305185545,0.017141208052635193,0.3552721183091033,0.013981333002448082,2026-04-30 20:33:20
200,0.1,15,70001015,90001015,0.043652997285244244,0.008575624786317348,0.2524776788004316,0.019879458006471395,2026-04-30 20:33:20
200,0.1,11,70001011,90001011,0.020616610191022317,0.020806207787245512,0.5129765338687166,0.01816995907574892,2026-04-30 20:33:20
200,0.1,12,70001012,90001012,0.031103647957873983,0.014120250009000301,1.0248510356808247,0.025904708076268435,2026-04-30 20:33:20
200,0.1,14,70001014,90001014,0.025795310930574494,0.014272292144596577,0.300855265638839,0.02038470795378089,2026-04-30 20:33:20
200,0.1,16,70001016,90001016,0.03831449144207908,0.014232291374355555,0.8845994146670255,0.01723991660401225,2026-04-30 20:33:20
200,0.1,18,70001018,90001018,0.037165470101152676,0.01456512464210391,0.41926128850380445,0.014301083981990814,2026-04-30 20:33:20
200,0.1,17,70001017,90001017,0.03574135369870428,0.01667308295145631,0.5509208959956094,0.013956999871879816,2026-04-30 20:33:20
200,0.1,19,70001019,90001019,0.036662858667268726,0.011290707625448704,0.7940393975617062,0.014015040826052427,2026-04-30 20:33:20
200,0.2,0,70002000,90002000,0.019442608942541857,0.024134125094860792,0.18525162823524643,0.03500770824030042,2026-04-30 20:33:22
200,0.2,1,70002001,90002001,0.023442285488457223,0.01942550018429756,0.17736670397530185,0.0413765418343246,2026-04-30 20:33:22
200,0.2,2,70002002,90002002,0.027735528229116707,0.02004729164764285,0.12755505266431238,0.03459475003182888,2026-04-30 20:33:22
200,0.2,3,70002003,90002003,0.03490156744646575,0.012132166884839535,0.12415174310592389,0.03901025000959635,2026-04-30 20:33:22
200,0.2,4,70002004,90002004,0.03241553248145006,0.024658500216901302,0.12563774930074978,0.03417675010859966,2026-04-30 20:33:22
200,0.2,5,70002005,90002005,0.04059251972740288,0.014757583383470774,0.16503653056000872,0.0571962920948863,2026-04-30 20:33:23
200,0.2,6,70002006,90002006,0.030500433486001816,0.028263207990676165,0.15311415750771332,0.041596374940127134,2026-04-30 20:33:23
200,0.2,7,70002007,90002007,0.02385567600216902,0.020507624838501215,0.1790324384256666,0.024558499921113253,2026-04-30 20:33:23
200,0.2,10,70002010,90002010,0.03674370209422091,0.008694667369127274,0.1517167704788588,0.016730083152651787,2026-04-30 20:33:23
200,0.2,9,70002009,90002009,0.033011845390433156,0.008826666977256536,0.1778883267140163,0.03163966629654169,2026-04-30 20:33:23
200,0.2,8,70002008,90002008,0.030298720390117988,0.028330999892205,0.17084899849170188,0.022012167144566774,2026-04-30 20:33:23
200,0.2,11,70002011,90002011,0.043779611410539536,0.023289000149816275,0.2515025893606748,0.01845658291131258,2026-04-30 20:33:23
200,0.2,12,70002012,90002012,0.03685848392280731,0.008587916847318411,0.14189191078085664,0.020947332959622145,2026-04-30 20:33:23
200,0.2,13,70002013,90002013,0.025406075630490115,0.01849487517029047,0.19920610483452847,0.0201770830899477,2026-04-30 20:33:23
200,0.2,14,70002014,90002014,0.023492119520429903,0.014329374767839909,0.14410020777843938,0.018797040916979313,2026-04-30 20:33:23
200,0.2,15,70002015,90002015,0.04788677930466338,0.013211582787334919,0.14450687349687472,0.021094916854053736,2026-04-30 20:33:23
200,0.2,16,70002016,90002016,0.026075419255535488,0.01261875033378601,0.2907178015752733,0.02054604236036539,2026-04-30 20:33:23
200,0.2,18,70002018,90002018,0.0243272571949246,0.011070082895457745,0.14022696198472295,0.024339917115867138,2026-04-30 20:33:23
200,0.2,17,70002017,90002017,0.02184516920107663,0.01200795779004693,0.32803932426182647,0.023972874972969294,2026-04-30 20:33:23
200,0.2,19,70002019,90002019,0.02667509959149229,0.008622916880995035,0.2971482867062189,0.018303791992366314,2026-04-30 20:33:23
200,0.5,0,70005000,90005000,0.023100410344853488,0.010742750018835068,0.05357888966795198,0.02481329208239913,2026-04-30 20:33:25
200,0.5,1,70005001,90005001,0.031865442234800645,0.01777870813384652,0.10702379914900487,0.017783166840672493,2026-04-30 20:33:25
200,0.5,3,70005003,90005003,0.030973843611861042,0.009236832614988089,0.06436734295486723,0.025936416815966368,2026-04-30 20:33:25
200,0.5,2,70005002,90005002,0.027084884219823496,0.01604995923116803,0.08278619311370158,0.0278055421076715,2026-04-30 20:33:25
200,0.5,4,70005004,90005004,0.04115384959049973,0.014188958797603846,0.07143977849212828,0.014686749782413244,2026-04-30 20:33:25
200,0.5,5,70005005,90005005,0.03145063988752079,0.008933957666158676,0.054034110292063973,0.01911191688850522,2026-04-30 20:33:25
200,0.5,6,70005006,90005006,0.036153207131724006,0.012410708237439394,0.05540964269430112,0.01489320769906044,2026-04-30 20:33:25
200,0.5,7,70005007,90005007,0.042048857429354186,0.010734875220805407,0.07708179468093218,0.01867887517437339,2026-04-30 20:33:25
200,0.5,9,70005009,90005009,0.03556998083854425,0.01439216686412692,0.0483910251137892,0.015791208017617464,2026-04-30 20:33:25
200,0.5,12,70005012,90005012,0.03651880190621455,0.009728874545544386,0.052456390087262286,0.01807491621002555,2026-04-30 20:33:25
200,0.5,10,70005010,90005010,0.02833748879269148,0.017525792121887207,0.06730261763469422,0.021078416611999273,2026-04-30 20:33:25
200,0.5,8,70005008,90005008,0.02591299225897075,0.020041333977133036,0.07031562598563011,0.02654204098507762,2026-04-30 20:33:25
200,0.5,11,70005011,90005011,0.03320612323973887,0.022682833019644022,0.06851044205269874,0.025531833991408348,2026-04-30 20:33:25
200,0.5,13,70005013,90005013,0.0396165061171269,0.018806833308190107,0.05671516602245473,0.03057833295315504,2026-04-30 20:33:25
200,0.5,17,70005017,90005017,0.02277219336918977,0.010894916020333767,0.03830918129916626,0.014669625088572502,2026-04-30 20:33:25
200,0.5,14,70005014,90005014,0.03299332567973035,0.018417874816805124,0.047965785695815326,0.02428308315575123,2026-04-30 20:33:25
200,0.5,15,70005015,90005015,0.0332088894087006,0.009998792316764593,0.0631029308973899,0.02178175002336502,2026-04-30 20:33:25
200,0.5,19,70005019,90005019,0.03739762701784573,0.008565499912947416,0.0979968852007073,0.01745545817539096,2026-04-30 20:33:25
200,0.5,16,70005016,90005016,0.025766956595699685,0.013087125029414892,0.09452709828561434,0.018955667037516832,2026-04-30 20:33:25
200,0.5,18,70005018,90005018,0.0359400260286302,0.026123082730919123,0.10588043940516645,0.014581374824047089,2026-04-30 20:33:25
200,1.0,0,70010000,90010000,0.03878423304448968,0.021352125331759453,0.06009608230242357,0.03193650022149086,2026-04-30 20:33:27
200,1.0,1,70010001,90010001,0.022596933782642187,0.015003792010247707,0.036762007784213846,0.02883341582491994,2026-04-30 20:33:27
200,1.0,2,70010002,90010002,0.03164674571725751,0.008498750161379576,0.04265655834636545,0.02459162473678589,2026-04-30 20:33:28
200,1.0,3,70010003,90010003,0.027561440785915534,0.012927583884447813,0.07205234016682623,0.01857958408072591,2026-04-30 20:33:28
200,1.0,4,70010004,90010004,0.02141904252584488,0.008587957825511694,0.0439196931162306,0.013842958956956863,2026-04-30 20:33:28
200,1.0,5,70010005,90010005,0.03203298709382913,0.00847666710615158,0.06216704591916412,0.014493000227957964,2026-04-30 20:33:28
200,1.0,8,70010008,90010008,0.04997064753443394,0.012861500028520823,0.08931155878192744,0.014538458082824945,2026-04-30 20:33:28
200,1.0,7,70010007,90010007,0.029440208198204202,0.011176874861121178,0.04447862729398753,0.022788584232330322,2026-04-30 20:33:28
200,1.0,10,70010010,90010010,0.038961000670859246,0.00975995883345604,0.0598619961127792,0.020801250357180834,2026-04-30 20:33:28
200,1.0,6,70010006,90010006,0.02716538642212096,0.014459374826401472,0.058158924629669984,0.03377004200592637,2026-04-30 20:33:28
200,1.0,9,70010009,90010009,0.04116678932876724,0.02340641664341092,0.04930573070395224,0.016962916124612093,2026-04-30 20:33:28
200,1.0,11,70010011,90010011,0.04728980021202565,0.02013333421200514,0.06732917759129917,0.020442249719053507,2026-04-30 20:33:28
200,1.0,14,70010014,90010014,0.027663552837996673,0.010940874926745892,0.05336999160247138,0.015401666983962059,2026-04-30 20:33:28
200,1.0,12,70010012,90010012,0.04946184888085474,0.00880574993789196,0.0846208794608759,0.029204375110566616,2026-04-30 20:33:28
200,1.0,16,70010016,90010016,0.026952253068463737,0.009691249579191208,0.042060575715099725,0.020754291210323572,2026-04-30 20:33:28
200,1.0,13,70010013,90010013,0.02949464191575099,0.017522749956697226,0.06374585512707193,0.022901291958987713,2026-04-30 20:33:28
200,1.0,15,70010015,90010015,0.033379732082596515,0.016969208139926195,0.07369461772037951,0.016464874614030123,2026-04-30 20:33:28
200,1.0,18,70010018,90010018,0.03184638902170898,0.010500708129256964,0.056292145524352535,0.016446208115667105,2026-04-30 20:33:28
200,1.0,17,70010017,90010017,0.03639924437897061,0.00887041725218296,0.04604148245670688,0.022778125014156103,2026-04-30 20:33:28
200,1.0,19,70010019,90010019,0.033829349601242016,0.011041666846722364,0.0627894345854663,0.013560208026319742,2026-04-30 20:33:28
500,0.1,0,100001000,120001000,0.021246701303770373,0.03658341709524393,0.1668013785477481,0.03771058330312371,2026-04-30 20:33:30
500,0.1,1,100001001,120001001,0.019772160898925358,0.061494833789765835,0.14135694357087544,0.029134916607290506,2026-04-30 20:33:30
500,0.1,2,100001002,120001002,0.021554411896600668,0.038537791930139065,0.1279847733934805,0.038279457949101925,2026-04-30 20:33:30
500,0.1,4,100001004,120001004,0.01789824048724259,0.03985191602259874,0.20648885122360738,0.024322499986737967,2026-04-30 20:33:30
500,0.1,3,100001003,120001003,0.02150832745861191,0.04676433280110359,0.23227701968024927,0.03816995909437537,2026-04-30 20:33:30
500,0.1,5,100001005,120001005,0.01919503514220919,0.03944595856592059,0.17607813030650185,0.02237700019031763,2026-04-30 20:33:30
500,0.1,6,100001006,120001006,0.022834107939381943,0.05091550014913082,0.16227095408986753,0.027522540651261806,2026-04-30 20:33:30
500,0.1,9,100001009,120001009,0.02168581912838438,0.042714249808341265,0.16659527789761117,0.02678416622802615,2026-04-30 20:33:30
500,0.1,7,100001007,120001007,0.024369256186851502,0.04161791689693928,0.2194148327685122,0.04631558386608958,2026-04-30 20:33:30
500,0.1,8,100001008,120001008,0.018125506309424305,0.04192254180088639,0.16480185730346095,0.02943579200655222,2026-04-30 20:33:30
500,0.1,10,100001010,120001010,0.023712021691707167,0.04791720770299435,0.13782875221548482,0.03326724981889129,2026-04-30 20:33:30
500,0.1,12,100001012,120001012,0.023738600104315048,0.0422075423412025,0.13121142048465217,0.034541542176157236,2026-04-30 20:33:30
500,0.1,11,100001011,120001011,0.019621977538711286,0.05938362516462803,0.17865224258158718,0.03659287514165044,2026-04-30 20:33:30
500,0.1,16,100001016,120001016,0.018921319952987414,0.04150579171255231,0.18982085786170907,0.026270915754139423,2026-04-30 20:33:30
500,0.1,15,100001015,120001015,0.022030904188713833,0.03638562513515353,0.13797996475946755,0.035267166793346405,2026-04-30 20:33:30
500,0.1,13,100001013,120001013,0.022899111677485512,0.044099041260778904,0.18752998750498567,0.04585220804437995,2026-04-30 20:33:30
500,0.1,14,100001014,120001014,0.02788324251619158,0.04500308306887746,0.1593803315788615,0.03827183414250612,2026-04-30 20:33:30
500,0.1,17,100001017,120001017,0.02350196584313678,0.035655499901622534,0.14550492151769834,0.021042624954134226,2026-04-30 20:33:30
500,0.1,18,100001018,120001018,0.019504263571260602,0.03596037533134222,0.18610919950988364,0.022477666847407818,2026-04-30 20:33:30
500,0.1,19,100001019,120001019,0.020838472224916322,0.030889916233718395,0.19445604500541253,0.020169999916106462,2026-04-30 20:33:30
500,0.2,0,100002000,120002000,0.02362047616281203,0.06248524971306324,0.09523069731139504,0.04151412472128868,2026-04-30 20:33:32
500,0.2,1,100002001,120002001,0.024356054365970187,0.05762470792979002,0.10773444698613117,0.047016166150569916,2026-04-30 20:33:33
500,0.2,2,100002002,120002002,0.022641634830241873,0.05282458337023854,0.05161800274457627,0.03363954182714224,2026-04-30 20:33:33
500,0.2,4,100002004,120002004,0.020041778211847706,0.042181083001196384,0.04910358906740969,0.044386875350028276,2026-04-30 20:33:33
500,0.2,3,100002003,120002003,0.02111645705463539,0.04678304214030504,0.05004347438010311,0.05147987511008978,2026-04-30 20:33:33
500,0.2,5,100002005,120002005,0.020698269260939206,0.055068125016987324,0.07705588015092407,0.045204125344753265,2026-04-30 20:33:33
500,0.2,6,100002006,120002006,0.019198378089222666,0.049376375041902065,0.0637521480828823,0.04005533317103982,2026-04-30 20:33:33
500,0.2,7,100002007,120002007,0.02157925650054563,0.04106179205700755,0.11066451239137678,0.03615779196843505,2026-04-30 20:33:33
500,0.2,8,100002008,120002008,0.021195477681849498,0.052875792142003775,0.054255630348649185,0.03789350017905235,2026-04-30 20:33:33
500,0.2,10,100002010,120002010,0.02308435435130599,0.05041608400642872,0.051643379121604306,0.03428750019520521,2026-04-30 20:33:33
500,0.2,11,100002011,120002011,0.019217308860766374,0.04539166670292616,0.07157617157629872,0.023642208892852068,2026-04-30 20:33:33
500,0.2,9,100002009,120002009,0.01939869471975656,0.06876604119315743,0.10266110051062223,0.03627091692760587,2026-04-30 20:33:33
500,0.2,12,100002012,120002012,0.02382956977738754,0.03648483334109187,0.06718706609907145,0.03900512494146824,2026-04-30 20:33:33
500,0.2,14,100002014,120002014,0.01985384148456425,0.03245904203504324,0.07637436885231495,0.02483395766466856,2026-04-30 20:33:33
500,0.2,13,100002013,120002013,0.021112437895534714,0.04633545782417059,0.05465868537158338,0.030196665786206722,2026-04-30 20:33:33
500,0.2,15,100002015,120002015,0.02045222806805252,0.049792292062193155,0.0946446519350289,0.031342875212430954,2026-04-30 20:33:33
500,0.2,16,100002016,120002016,0.024268213364025015,0.03955066716298461,0.11186209806071759,0.03172237519174814,2026-04-30 20:33:33
500,0.2,17,100002017,120002017,0.02140611877177197,0.04574854113161564,0.04190009915461719,0.0278953337110579,2026-04-30 20:33:33
500,0.2,18,100002018,120002018,0.022688022977948266,0.04543150030076504,0.08654372575821218,0.026272624731063843,2026-04-30 20:33:33
500,0.2,19,100002019,120002019,0.02396148365128575,0.04900312516838312,0.06156914244967701,0.022564999759197235,2026-04-30 20:33:33
500,0.5,0,100005000,120005000,0.02258668375951342,0.04573120828717947,0.030105185859085414,0.03963937517255545,2026-04-30 20:33:36
500,0.5,1,100005001,120005001,0.016922772129581102,0.04871095763519406,0.038066700994076004,0.02858024975284934,2026-04-30 20:33:36
500,0.5,4,100005004,120005004,0.02087969840769878,0.0379167920909822,0.030093074701138485,0.03405295871198177,2026-04-30 20:33:36
500,0.5,2,100005002,120005002,0.019775831694013094,0.058807916939258575,0.032260040149214554,0.024232625029981136,2026-04-30 20:33:36
500,0.5,3,100005003,120005003,0.022298004007136874,0.048194083385169506,0.03957709848305352,0.036155625246465206,2026-04-30 20:33:36
500,0.5,5,100005005,120005005,0.020201415055414288,0.04506179178133607,0.03492183975622609,0.03431941708549857,2026-04-30 20:33:36
500,0.5,6,100005006,120005006,0.019092613946771357,0.049952457658946514,0.032564252602552135,0.0353585840202868,2026-04-30 20:33:36
500,0.5,7,100005007,120005007,0.02163813026249711,0.04774970794096589,0.03841148748123021,0.03814779222011566,2026-04-30 20:33:36
500,0.5,9,100005009,120005009,0.023429709078356453,0.05002966709434986,0.037480405570849175,0.021594292018562555,2026-04-30 20:33:36
500,0.5,8,100005008,120005008,0.020524247886131487,0.04726916691288352,0.04540636532286749,0.03741262527182698,2026-04-30 20:33:36
500,0.5,10,100005010,120005010,0.019638897349802342,0.041310958098620176,0.04587851946295976,0.03553904127329588,2026-04-30 20:33:36
500,0.5,11,100005011,120005011,0.020751207063594002,0.04435229208320379,0.03604608944254771,0.04831025004386902,2026-04-30 20:33:36
500,0.5,12,100005012,120005012,0.018637821990704698,0.053750916849821806,0.024705764245872237,0.04491608403623104,2026-04-30 20:33:36
500,0.5,14,100005014,120005014,0.019680291987504334,0.05174874980002642,0.02537232180629163,0.030951875261962414,2026-04-30 20:33:36
500,0.5,13,100005013,120005013,0.02245722431066693,0.04291833285242319,0.03776155557261763,0.05191204184666276,2026-04-30 20:33:36
500,0.5,15,100005015,120005015,0.024030609800290533,0.04376224987208843,0.02952419340740162,0.03886062512174249,2026-04-30 20:33:36
500,0.5,16,100005016,120005016,0.02118581578505806,0.05231204116716981,0.033083143628603325,0.030089374631643295,2026-04-30 20:33:36
500,0.5,17,100005017,120005017,0.019407652262429863,0.044044166803359985,0.031600440918043024,0.033969291020184755,2026-04-30 20:33:36
500,0.5,18,100005018,120005018,0.018625175061162964,0.045123915653675795,0.025818629167339954,0.02168725011870265,2026-04-30 20:33:36
500,0.5,19,100005019,120005019,0.019495545185467096,0.04272529203444719,0.028914277379982332,0.020567040890455246,2026-04-30 20:33:36
500,1.0,0,100010000,120010000,0.026080479620446077,0.04249120922759175,0.04650877945013033,0.04093737481161952,2026-04-30 20:33:38
500,1.0,1,100010001,120010001,0.02020590391151564,0.04501154227182269,0.028578121246972163,0.032407499849796295,2026-04-30 20:33:38
500,1.0,2,100010002,120010002,0.025106502254101472,0.04210870945826173,0.023928247055940235,0.03516883309930563,2026-04-30 20:33:38
500,1.0,3,100010003,120010003,0.01978906754202743,0.04645145824179053,0.028613583399995868,0.026872084010392427,2026-04-30 20:33:38
500,1.0,4,100010004,120010004,0.019966557527885256,0.052666834089905024,0.031232292770593688,0.026210999581962824,2026-04-30 20:33:38
500,1.0,5,100010005,120010005,0.02015202009288037,0.04280237527564168,0.024361855979653724,0.04407183267176151,2026-04-30 20:33:38
500,1.0,8,100010008,120010008,0.028774709488014392,0.035964374896138906,0.033528519271254685,0.029445375315845013,2026-04-30 20:33:38
500,1.0,6,100010006,120010006,0.022850073944386894,0.046188542153686285,0.029651131218249003,0.03608308406546712,2026-04-30 20:33:38
500,1.0,10,100010010,120010010,0.02165637775123578,0.039514292031526566,0.03342689348928009,0.04013054072856903,2026-04-30 20:33:38
500,1.0,7,100010007,120010007,0.02100074164303754,0.05945033300668001,0.030647965120954315,0.035240250173956156,2026-04-30 20:33:38
500,1.0,11,100010011,120010011,0.020276042029037475,0.04257087502628565,0.02292596938905332,0.030151874758303165,2026-04-30 20:33:38
500,1.0,12,100010012,120010012,0.0196642359262423,0.034397708252072334,0.04044618130787982,0.02927983272820711,2026-04-30 20:33:38
500,1.0,9,100010009,120010009,0.021040702670698748,0.03811816731467843,0.03224394207276989,0.050092832650989294,2026-04-30 20:33:38
500,1.0,13,100010013,120010013,0.02383129999396695,0.05034433305263519,0.0366721349103847,0.021334459073841572,2026-04-30 20:33:38
500,1.0,15,100010015,120010015,0.02108970281830213,0.036828292068094015,0.02625071995637328,0.02367712464183569,2026-04-30 20:33:38
500,1.0,14,100010014,120010014,0.021400019171403075,0.03967850003391504,0.035519216101351093,0.029920500237494707,2026-04-30 20:33:38
500,1.0,19,100010019,120010019,0.019941813174547095,0.034504915587604046,0.026003390533711413,0.02568212477490306,2026-04-30 20:33:38
500,1.0,16,100010016,120010016,0.019401315056183286,0.04098579194396734,0.02561396007617641,0.02855354081839323,2026-04-30 20:33:38
500,1.0,17,100010017,120010017,0.01989233451709,0.043895499780774117,0.021314633771076872,0.030547874979674816,2026-04-30 20:33:38
500,1.0,18,100010018,120010018,0.022044711402219256,0.05247529083862901,0.028753574402559365,0.02375454129651189,2026-04-30 20:33:38
1000,0.1,0,150001000,170001000,0.019830966711061392,0.11852291692048311,0.054631538679787664,0.040157499723136425,2026-04-30 20:33:41
1000,0.1,1,150001001,170001001,0.019038150313416827,0.12013750011101365,0.1360449018031335,0.0378727912902832,2026-04-30 20:33:41
1000,0.1,2,150001002,170001002,0.018518421344073884,0.11374833295121789,0.07203298908213993,0.04199166689068079,2026-04-30 20:33:41
1000,0.1,3,150001003,170001003,0.01739869844716262,0.112230459228158,0.062218182458394694,0.05020920792594552,2026-04-30 20:33:41
1000,0.1,5,150001005,170001005,0.01798009546008467,0.10259383311495185,0.05939031509345271,0.03753933310508728,2026-04-30 20:33:41
1000,0.1,7,150001007,170001007,0.018064922590059318,0.10650750016793609,0.047322218320901666,0.03871637536212802,2026-04-30 20:33:41
1000,0.1,4,150001004,170001004,0.019258799414960028,0.11253420822322369,0.09169763333542912,0.041122917085886,2026-04-30 20:33:41
1000,0.1,6,150001006,170001006,0.0185012925085142,0.1252594580873847,0.09752845137512929,0.04006987530738115,2026-04-30 20:33:41
1000,0.1,13,150001013,170001013,0.01749669803786822,0.11248370772227645,0.08256752541478803,0.038529000245034695,2026-04-30 20:33:41
1000,0.1,10,150001010,170001010,0.019421694796688944,0.12953624967485666,0.05618579425697233,0.03757979208603501,2026-04-30 20:33:41
1000,0.1,8,150001008,170001008,0.019418048548255885,0.1431206250563264,0.045626808004331186,0.04891124973073602,2026-04-30 20:33:41
1000,0.1,11,150001011,170001011,0.016910953287354827,0.12797250039875507,0.08243335442741162,0.0396525003015995,2026-04-30 20:33:41
1000,0.1,14,150001014,170001014,0.01754059997981718,0.14799050008878112,0.09492353794615101,0.029606583062559366,2026-04-30 20:33:41
1000,0.1,9,150001009,170001009,0.017314120433588553,0.16157766710966825,0.10759043686917401,0.048930791672319174,2026-04-30 20:33:41
1000,0.1,12,150001012,170001012,0.017843748697478203,0.13606266677379608,0.08970905263098664,0.052311250008642673,2026-04-30 20:33:41
1000,0.1,15,150001015,170001015,0.01754539818187396,0.14587983302772045,0.05925615670717893,0.037136792205274105,2026-04-30 20:33:41
1000,0.1,18,150001018,170001018,0.019920672522470487,0.09293929068371654,0.05588184372132438,0.030412958934903145,2026-04-30 20:33:41
1000,0.1,17,150001017,170001017,0.020044245459555535,0.09484229143708944,0.0592353279267716,0.028728374745696783,2026-04-30 20:33:41
1000,0.1,16,150001016,170001016,0.0183356952082415,0.09611208317801356,0.06227514868535663,0.029503833036869764,2026-04-30 20:33:41
1000,0.1,19,150001019,170001019,0.01857096523278744,0.13152616610750556,0.15635253652517148,0.02514929184690118,2026-04-30 20:33:41
1000,0.2,0,150002000,170002000,0.019097086331914693,0.11715150019153953,0.03280432250120239,0.04837904218584299,2026-04-30 20:33:44
1000,0.2,1,150002001,170002001,0.017243625712248502,0.11311112530529499,0.03885365336017671,0.03625245811417699,2026-04-30 20:33:44
1000,0.2,2,150002002,170002002,0.019470697549690292,0.12269287463277578,0.04293518193872523,0.03515274962410331,2026-04-30 20:33:44
1000,0.2,3,150002003,170002003,0.016823393193321344,0.104503707960248,0.03403782004879296,0.04511891724541783,2026-04-30 20:33:44
1000,0.2,4,150002004,170002004,0.01770996175474896,0.10314616607502103,0.027216071087327303,0.03922912525013089,2026-04-30 20:33:44
1000,0.2,5,150002005,170002005,0.01853897683641962,0.11211933335289359,0.03953198085552869,0.03919254196807742,2026-04-30 20:33:44
1000,0.2,6,150002006,170002006,0.016795172639180223,0.11932579195126891,0.04463373613243865,0.046627792064100504,2026-04-30 20:33:44
1000,0.2,7,150002007,170002007,0.0178614370977548,0.11362137505784631,0.03170773680304917,0.039539082907140255,2026-04-30 20:33:44
1000,0.2,8,150002008,170002008,0.019062190879064782,0.1250585000962019,0.029080539208538536,0.05067837471142411,2026-04-30 20:33:44
1000,0.2,10,150002010,170002010,0.017168670236546682,0.11886841710656881,0.03238469628138105,0.03269983269274235,2026-04-30 20:33:44
1000,0.2,9,150002009,170002009,0.019602588207315093,0.11665891669690609,0.049678706836433065,0.039827041793614626,2026-04-30 20:33:44
1000,0.2,11,150002011,170002011,0.016983089981279866,0.12034625001251698,0.02984317409120713,0.04181704204529524,2026-04-30 20:33:44
1000,0.2,12,150002012,170002012,0.017833997888841786,0.1268301671370864,0.050383823730548276,0.03582195891067386,2026-04-30 20:33:44
1000,0.2,13,150002013,170002013,0.020372849149577484,0.1168199167586863,0.032256498827638994,0.03478808328509331,2026-04-30 20:33:44
1000,0.2,15,150002015,170002015,0.017376035448857324,0.1085129170678556,0.04418663815487425,0.032108166720718145,2026-04-30 20:33:44
1000,0.2,14,150002014,170002014,0.017585013157894968,0.12448100000619888,0.03818775529419222,0.026963416952639818,2026-04-30 20:33:44
1000,0.2,16,150002016,170002016,0.018758790561168845,0.10382737498730421,0.04740607197909442,0.026888917200267315,2026-04-30 20:33:44
1000,0.2,17,150002017,170002017,0.016796644460257967,0.10761991702020168,0.0396117704100796,0.02686629118397832,2026-04-30 20:33:44
1000,0.2,18,150002018,170002018,0.0186757134425815,0.11802333313971758,0.035306471015224064,0.027173416689038277,2026-04-30 20:33:44
1000,0.2,19,150002019,170002019,0.0193372598208529,0.09655287489295006,0.03435839947718281,0.026501374784857035,2026-04-30 20:33:44
1000,0.5,0,150005000,170005000,0.016663655400912313,0.11432437505573034,0.02288252661688352,0.044657583348453045,2026-04-30 20:33:47
1000,0.5,1,150005001,170005001,0.019854131315693593,0.10986329196020961,0.028108206171315327,0.04997270833700895,2026-04-30 20:33:47
1000,0.5,2,150005002,170005002,0.018623715736125476,0.10612337524071336,0.03371295141569381,0.04838312463834882,2026-04-30 20:33:47
1000,0.5,3,150005003,170005003,0.01912392756870508,0.11333991726860404,0.039399467243219674,0.04596274998039007,2026-04-30 20:33:47
1000,0.5,4,150005004,170005004,0.018616774210465706,0.11739675002172589,0.02454848094900784,0.05049870768561959,2026-04-30 20:33:47
1000,0.5,5,150005005,170005005,0.018131960430104867,0.12454808410257101,0.024968798294288497,0.05459179123863578,2026-04-30 20:33:47
1000,0.5,7,150005007,170005007,0.018281565800633767,0.11563604231923819,0.027714145746636297,0.03961291629821062,2026-04-30 20:33:47
1000,0.5,6,150005006,170005006,0.018106894877683757,0.12152233300730586,0.0261774909168742,0.04248449997976422,2026-04-30 20:33:47
1000,0.5,8,150005008,170005008,0.018066239011165768,0.11631583282724023,0.026900907349710783,0.02610500017181039,2026-04-30 20:33:47
1000,0.5,9,150005009,170005009,0.017333971135882236,0.13921258272603154,0.02194046844131789,0.03453041613101959,2026-04-30 20:33:47
1000,0.5,11,150005011,170005011,0.01827949451388207,0.12827975023537874,0.026352937154266176,0.03044750029221177,2026-04-30 20:33:47
1000,0.5,10,150005010,170005010,0.016958407694728856,0.11443770816549659,0.017112741848197475,0.0651580411940813,2026-04-30 20:33:47
1000,0.5,12,150005012,170005012,0.01951269006943158,0.12448441702872515,0.02392915412014814,0.03923674998804927,2026-04-30 20:33:47
1000,0.5,13,150005013,170005013,0.018167887870401658,0.14761491725221276,0.025051198805869507,0.036839500069618225,2026-04-30 20:33:47
1000,0.5,14,150005014,170005014,0.01862390923676229,0.12021595798432827,0.020511932271913745,0.0481535829603672,2026-04-30 20:33:47
1000,0.5,15,150005015,170005015,0.018412118840848465,0.1325926249846816,0.030858056859870538,0.039579750038683414,2026-04-30 20:33:47
1000,0.5,16,150005016,170005016,0.017533334772483842,0.11994658317416906,0.025112130872776084,0.02744937501847744,2026-04-30 20:33:47
1000,0.5,19,150005019,170005019,0.018734498082657338,0.10155470902100205,0.023958196232990878,0.026256749872118235,2026-04-30 20:33:47
1000,0.5,17,150005017,170005017,0.01811217274353004,0.1181115829385817,0.022895399376704435,0.027087874710559845,2026-04-30 20:33:47
1000,0.5,18,150005018,170005018,0.019086789511843356,0.12067770818248391,0.02190836734179536,0.02691062493249774,2026-04-30 20:33:47
1000,1.0,0,150010000,170010000,0.017086157993041477,0.11828208295628428,0.02569575096939166,0.06337266694754362,2026-04-30 20:33:50
1000,1.0,1,150010001,170010001,0.019849164241434947,0.11450945911929011,0.02838796927794248,0.04663774976506829,2026-04-30 20:33:50
1000,1.0,3,150010003,170010003,0.018606854971567787,0.0994959999807179,0.023344273536039108,0.04267283296212554,2026-04-30 20:33:50
1000,1.0,2,150010002,170010002,0.019549945161680456,0.11903987498953938,0.027744724401025597,0.04029154125601053,2026-04-30 20:33:50
1000,1.0,5,150010005,170010005,0.017691992672003373,0.1028785421513021,0.022819079728903926,0.035066541749984026,2026-04-30 20:33:50
1000,1.0,4,150010004,170010004,0.017556381956611276,0.12197820795699954,0.023101450944479823,0.04407449997961521,2026-04-30 20:33:50
1000,1.0,6,150010006,170010006,0.017258020138885086,0.11645487509667873,0.019158651008392574,0.0317302499897778,2026-04-30 20:33:50
1000,1.0,7,150010007,170010007,0.01958818632019726,0.12559308391064405,0.02627562002955931,0.03450266690924764,2026-04-30 20:33:50
1000,1.0,8,150010008,170010008,0.018760107233104246,0.12259887484833598,0.02401669229210265,0.04215950006619096,2026-04-30 20:33:50
1000,1.0,12,150010012,170010012,0.01834431961023714,0.10671941703185439,0.02455169890656565,0.032574750017374754,2026-04-30 20:33:50
1000,1.0,10,150010010,170010010,0.018050302475394384,0.1265272917225957,0.022895286468375197,0.037881333380937576,2026-04-30 20:33:50
1000,1.0,11,150010011,170010011,0.017352898101539425,0.12523624999448657,0.02412997143502852,0.04039633413776755,2026-04-30 20:33:50
1000,1.0,14,150010014,170010014,0.016238536939887242,0.11438683280721307,0.021876951060965908,0.029301750008016825,2026-04-30 20:33:50
1000,1.0,9,150010009,170010009,0.018072142419136114,0.14163729175925255,0.02491422577115824,0.057063333224505186,2026-04-30 20:33:50
1000,1.0,13,150010013,170010013,0.018255122313049526,0.12864062516018748,0.026808521707039595,0.04068220918998122,2026-04-30 20:33:50
1000,1.0,15,150010015,170010015,0.0173876827124016,0.11466399999335408,0.0261078926877153,0.03477404220029712,2026-04-30 20:33:50
1000,1.0,16,150010016,170010016,0.017263764348907536,0.12439762521535158,0.02183346783666886,0.03621337516233325,2026-04-30 20:33:50
1000,1.0,19,150010019,170010019,0.0173837810860478,0.09006212512031198,0.029320472715867157,0.027970583643764257,2026-04-30 20:33:50
1000,1.0,17,150010017,170010017,0.016502430878468862,0.1125011658295989,0.01996532912940037,0.028063457924872637,2026-04-30 20:33:50
1000,1.0,18,150010018,170010018,0.018285066448025872,0.1139859170652926,0.028531386227083243,0.026222333777695894,2026-04-30 20:33:50
2000,0.1,0,250001000,270001000,0.017140174984754265,0.418010416906327,0.02947618754550313,0.06861183326691389,2026-04-30 20:33:53
2000,0.1,1,250001001,270001001,0.018562015087204762,0.41953720804303885,0.035298712947832704,0.08030045917257667,2026-04-30 20:33:53
2000,0.1,2,250001002,270001002,0.016679752052457034,0.3860051669180393,0.04431846020145793,0.07062466721981764,2026-04-30 20:33:53
2000,0.1,3,250001003,270001003,0.016417086729552322,0.4131695837713778,0.05086099332656294,0.05500045884400606,2026-04-30 20:33:53
2000,0.1,4,250001004,270001004,0.017189908015393576,0.389640583191067,0.04999454858278655,0.050010334234684706,2026-04-30 20:33:53
2000,0.1,5,250001005,270001005,0.017443341745075034,0.38820545794442296,0.03228047631116396,0.05767312506213784,2026-04-30 20:33:53
2000,0.1,7,250001007,270001007,0.017962819824544406,0.3638665829785168,0.0403964194489363,0.0503008752129972,2026-04-30 20:33:53
2000,0.1,6,250001006,270001006,0.017559775725248614,0.3689565830864012,0.05130895784301545,0.06635029194876552,2026-04-30 20:33:53
2000,0.1,8,250001008,270001008,0.01584564354290252,0.3751617497764528,0.037189122359147765,0.04820324992761016,2026-04-30 20:33:53
2000,0.1,9,250001009,270001009,0.016159347585086827,0.3826730842702091,0.03666428391109743,0.056784875225275755,2026-04-30 20:33:53
2000,0.1,10,250001010,270001010,0.018132598048980462,0.3892366671934724,0.049914713987766146,0.061902832705527544,2026-04-30 20:33:54
2000,0.1,13,250001013,270001013,0.01635337145640815,0.35592570807784796,0.05245811567410945,0.0621904581785202,2026-04-30 20:33:54
2000,0.1,12,250001012,270001012,0.017716749764458636,0.3761118343099952,0.03202620056572842,0.051416459027677774,2026-04-30 20:33:54
2000,0.1,11,250001011,270001011,0.016532622985108388,0.38908158289268613,0.053598406718212914,0.05151404207572341,2026-04-30 20:33:54
2000,0.1,15,250001015,270001015,0.017546133186399002,0.3797330423258245,0.047186542250871336,0.05401262501254678,2026-04-30 20:33:54
2000,0.1,14,250001014,270001014,0.01647914844475789,0.4015446249395609,0.038368316164604545,0.05303962482139468,2026-04-30 20:33:54
2000,0.1,16,250001016,270001016,0.016107308202625976,0.30312558310106397,0.03306031798717589,0.03921412490308285,2026-04-30 20:33:54
2000,0.1,17,250001017,270001017,0.018327170090131014,0.28540374990552664,0.037814861070886475,0.03903858317062259,2026-04-30 20:33:54
2000,0.1,18,250001018,270001018,0.017408098903542186,0.26986174983903766,0.047337398692062056,0.03799279220402241,2026-04-30 20:33:54
2000,0.1,19,250001019,270001019,0.016114321792819873,0.26512870797887444,0.07143747182060192,0.036901000421494246,2026-04-30 20:33:54
2000,0.2,0,250002000,270002000,0.016461701421905138,0.3811428751796484,0.029180902212421395,0.0596773331053555,2026-04-30 20:33:56
2000,0.2,2,250002002,270002002,0.01563256729847599,0.37908412516117096,0.031874961376411375,0.06090395897626877,2026-04-30 20:33:56
2000,0.2,1,250002001,270002001,0.017868995448889036,0.3891995409503579,0.033143416807910185,0.06949458317831159,2026-04-30 20:33:56
2000,0.2,4,250002004,270002004,0.016320934826842732,0.37508891709148884,0.021791166660593015,0.050361250061541796,2026-04-30 20:33:56
2000,0.2,3,250002003,270002003,0.01643814602668483,0.393369291909039,0.030019852220018774,0.06811820901930332,2026-04-30 20:33:56
2000,0.2,6,250002006,270002006,0.016750505133392633,0.3418937502428889,0.02701193540389553,0.06361600011587143,2026-04-30 20:33:56
2000,0.2,5,250002005,270002005,0.017465000021319444,0.39406508300453424,0.02433213549217889,0.050578208174556494,2026-04-30 20:33:56
2000,0.2,7,250002007,270002007,0.017676811487424345,0.36514812521636486,0.02449197401582483,0.05874291667714715,2026-04-30 20:33:57
2000,0.2,8,250002008,270002008,0.017502032118789604,0.3883563750423491,0.023436873212303047,0.0472142081707716,2026-04-30 20:33:57
2000,0.2,10,250002010,270002010,0.016096756803713884,0.37358579179272056,0.02069482039102193,0.05783504107967019,2026-04-30 20:33:57
2000,0.2,9,250002009,270002009,0.015598748847594216,0.38499312521889806,0.03052606504797532,0.08043149998411536,2026-04-30 20:33:57
2000,0.2,13,250002013,270002013,0.01648729054704882,0.37536258390173316,0.028568676107683648,0.04945391695946455,2026-04-30 20:33:57
2000,0.2,11,250002011,270002011,0.015978991558618594,0.3786848341114819,0.022504879736311014,0.07239695778116584,2026-04-30 20:33:57
2000,0.2,12,250002012,270002012,0.015987020587034516,0.43096908275038004,0.027044371270228195,0.03937633382156491,2026-04-30 20:33:57
2000,0.2,15,250002015,270002015,0.017543330144739293,0.37483449978753924,0.026528342472706336,0.048392875120043755,2026-04-30 20:33:57
2000,0.2,14,250002014,270002014,0.016182625528827755,0.4307647501118481,0.029750867776765933,0.04814520897343755,2026-04-30 20:33:57
2000,0.2,16,250002016,270002016,0.01640180334681956,0.337311209179461,0.02488099394161722,0.04432954080402851,2026-04-30 20:33:57
2000,0.2,17,250002017,270002017,0.01720175976289052,0.2788613331504166,0.027580705205338684,0.04033779073506594,2026-04-30 20:33:57
2000,0.2,18,250002018,270002018,0.016024449563772847,0.276975667104125,0.02637658034120087,0.04088033316656947,2026-04-30 20:33:57
2000,0.2,19,250002019,270002019,0.016070988038633067,0.26737350039184093,0.02201985628210242,0.04156600032001734,2026-04-30 20:33:57
2000,0.5,0,250005000,270005000,0.017004398027511754,0.4202150837518275,0.02597268582180548,0.06598579185083508,2026-04-30 20:34:00
2000,0.5,1,250005001,270005001,0.016957925376014014,0.3907158328220248,0.018320146251339802,0.05445595923811197,2026-04-30 20:34:00
2000,0.5,2,250005002,270005002,0.015927383037849952,0.39895820897072554,0.023322098238941803,0.07295599998906255,2026-04-30 20:34:00
2000,0.5,3,250005003,270005003,0.016638921524434025,0.4179601250216365,0.02528996746862435,0.05907879211008549,2026-04-30 20:34:00
2000,0.5,4,250005004,270005004,0.01535885510526588,0.40907041635364294,0.020515681629651988,0.0528524168767035,2026-04-30 20:34:00
2000,0.5,7,250005007,270005007,0.017918333937077133,0.38825016701593995,0.02080208917924223,0.059043416287750006,2026-04-30 20:34:00
2000,0.5,5,250005005,270005005,0.01657682896505298,0.4281625421717763,0.020552807572633267,0.058550165966153145,2026-04-30 20:34:00
2000,0.5,6,250005006,270005006,0.016038829551093706,0.43486466677859426,0.019767235377353996,0.06596412509679794,2026-04-30 20:34:00
2000,0.5,9,250005009,270005009,0.01667193293165898,0.3261981247924268,0.02378398325175597,0.05192025005817413,2026-04-30 20:34:00
2000,0.5,8,250005008,270005008,0.016728593090401943,0.3989231246523559,0.023685175773308774,0.0560734998434782,2026-04-30 20:34:00
2000,0.5,11,250005011,270005011,0.01741348504786408,0.38607925036922097,0.02299008611644923,0.04977579228579998,2026-04-30 20:34:00
2000,0.5,10,250005010,270005010,0.017395575837819637,0.38573295902460814,0.019535108495703855,0.07274837512522936,2026-04-30 20:34:00
2000,0.5,12,250005012,270005012,0.017420335809816053,0.3881775001063943,0.02374174172985029,0.05979287484660745,2026-04-30 20:34:00
2000,0.5,13,250005013,270005013,0.01794854865544953,0.38348620804026723,0.02446665593891041,0.05658474983647466,2026-04-30 20:34:00
2000,0.5,14,250005014,270005014,0.015867196720290137,0.3694241251796484,0.021942130997782295,0.053883875254541636,2026-04-30 20:34:00
2000,0.5,15,250005015,270005015,0.01670297377501776,0.39310620818287134,0.020951959374564705,0.04620433412492275,2026-04-30 20:34:00
2000,0.5,16,250005016,270005016,0.015332644780558855,0.3094529998488724,0.022665307182153302,0.03959495900198817,2026-04-30 20:34:01
2000,0.5,17,250005017,270005017,0.015592746218571431,0.2843664577230811,0.018561542260598866,0.038940582890063524,2026-04-30 20:34:01
2000,0.5,18,250005018,270005018,0.016105676854488507,0.26924320915713906,0.022483620485887076,0.03798704221844673,2026-04-30 20:34:01
2000,0.5,19,250005019,270005019,0.0172219367830096,0.26928050024434924,0.022517751731455933,0.03781274985522032,2026-04-30 20:34:01
2000,1.0,0,250010000,270010000,0.016864736995315405,0.4009096249938011,0.020771998669601204,0.04765395913273096,2026-04-30 20:34:03
2000,1.0,2,250010002,270010002,0.016088486159986235,0.3656107080169022,0.01802373563965057,0.050010624807327986,2026-04-30 20:34:03
2000,1.0,1,250010001,270010001,0.015094676297427823,0.3840815001167357,0.020997943658035614,0.04908712487667799,2026-04-30 20:34:03
2000,1.0,3,250010003,270010003,0.016625190393556914,0.36031545884907246,0.01843362271522225,0.0658604591153562,2026-04-30 20:34:03
2000,1.0,4,250010004,270010004,0.016046736819379695,0.367423458956182,0.021593980616524486,0.057255666702985764,2026-04-30 20:34:03
2000,1.0,5,250010005,270010005,0.017533917608265764,0.36145708383992314,0.021664561286770273,0.0701994588598609,2026-04-30 20:34:03
2000,1.0,6,250010006,270010006,0.01652444145279237,0.3668598746880889,0.024752166152693936,0.06481450004503131,2026-04-30 20:34:03
2000,1.0,7,250010007,270010007,0.016904714972762046,0.38542116712778807,0.02346321657440092,0.04445024998858571,2026-04-30 20:34:03
2000,1.0,9,250010009,270010009,0.016756902650248116,0.3670666660182178,0.024388433693554853,0.060361791867762804,2026-04-30 20:34:04
2000,1.0,8,250010008,270010008,0.016540366668676355,0.4062310843728483,0.021557105114956083,0.057223042007535696,2026-04-30 20:34:04
2000,1.0,11,250010011,270010011,0.016391357277576308,0.37281916569918394,0.02697099459240378,0.0607852921821177,2026-04-30 20:34:04
2000,1.0,10,250010010,270010010,0.01670697814284929,0.3810602920129895,0.024891679942466535,0.060538750141859055,2026-04-30 20:34:04
2000,1.0,12,250010012,270010012,0.016560216914350816,0.3826623340137303,0.022683583685090908,0.0546619170345366,2026-04-30 20:34:04
2000,1.0,13,250010013,270010013,0.018290185335041724,0.3913593334145844,0.02152005916818348,0.0474589578807354,2026-04-30 20:34:04
2000,1.0,14,250010014,270010014,0.01844262671193022,0.40206824988126755,0.024638459085322337,0.05396995786577463,2026-04-30 20:34:04
2000,1.0,15,250010015,270010015,0.01661864104259471,0.4138093339279294,0.022020325011549886,0.053017042111605406,2026-04-30 20:34:04
2000,1.0,17,250010017,270010017,0.016690415809087356,0.2881648330949247,0.024744586010934187,0.03975454159080982,2026-04-30 20:34:04
2000,1.0,16,250010016,270010016,0.016644700655767744,0.2913972078822553,0.022121761806337834,0.039583375211805105,2026-04-30 20:34:04
2000,1.0,19,250010019,270010019,0.016227805627634255,0.28470545820891857,0.024600781106664207,0.040080207865685225,2026-04-30 20:34:04
2000,1.0,18,250010018,270010018,0.01632354188337888,0.2876452091149986,0.02007124301174574,0.04005820769816637,2026-04-30 20:34:04
